100,999999,aaa,nnn@nnn.com,aaa,aaa,65,zzzzzzzz,ppppppppp,9999,888888,$2b$10$UNBowKbSu8h3onsV4LdFAubDaw1ASIakTyp.KEanKR8VE3COFGcjS,$2b$10$UNBowKbSu8h3onsV4LdFAu,f,2022-11-02 13:26:10.721-03,2022-11-02 13:28:18.204-03
101,22990660,zzz,aaa@mail.com, MARIA MONTSERRAT, VERA SEVILLA,41, Ronda Juan Ramon Jimenez 96,  Benimuslem,5051,87490315,$2b$10$L7vJ9Dzo87.3EVU4zFbvO.lSQ7N7Wo1LegS97QiYkgJChbqsMLs8i,$2b$10$L7vJ9Dzo87.3EVU4zFbvO.,f,2022-11-04 16:22:24.807-03,2022-11-04 16:22:24.807-03
102,49731950,bbb,bbb@mail.com,  GERMAN,  ARCE NOGUERA,44,  Gran vÃ­a Fuente 10,  Pozuelo de AlarcÃ³n,4905,58400633,$2b$10$10XLHSGJ08eLDyF5muoXye6u9PjMDCgJ8MkIN8RgomtOBc0867JnO,$2b$10$10XLHSGJ08eLDyF5muoXye,f,2022-11-04 16:22:39.928-03,2022-11-04 16:22:39.928-03
103,46038528,ccc,ccc@mail.com,  MARIA ISABEL,  MURILLO GALLARDO,37,  Vereda San Antonio 43,  Pedralba,3494,82205007,$2b$10$isaqM04zg1VvXGjSEwITNOE5Du9lK7j8RFZNh6Yxch94rhWumCM1G,$2b$10$isaqM04zg1VvXGjSEwITNO,f,2022-11-04 16:23:31.552-03,2022-11-04 16:23:31.552-03
104,36737982,ddd,ddd@mail.com,  AVELINO,  ALARCON CHACON,39,  Gran vÃ­a Doctor Fleming 9,  Olmedilla de Eliz,6624,53316122,$2b$10$4LvzWt0xard1HUFepBkaEO37imCTKdMtkoxBNa6thOQtka1US294u,$2b$10$4LvzWt0xard1HUFepBkaEO,f,2022-11-04 16:23:39.76-03,2022-11-04 16:23:39.76-03
105,36240611,eee,eee@mail.com,  CARME,  BLASCO EGEA,47,  Gran vÃ­a ConstituciÃ³n 90,  Reinosa,6703,55507575,$2b$10$ureGtKAwh/twyh99vnMVnuXcm8rlxm7MawfiD95Nii2GDH/206TP2,$2b$10$ureGtKAwh/twyh99vnMVnu,f,2022-11-04 16:23:49.488-03,2022-11-04 16:23:49.488-03
106,25734791,fff,fff@mail.com,  LYDIA,  ARAUJO GALLEGO,28,  Paseo Pedralbes 34,  Hermandad de Campoo de Suso,3202,79959729,$2b$10$v2aczFCav/3nxoNxcCyvWOgJ5.d8TkMwDjJuZ6/dlYAOb7K.QXNy.,$2b$10$v2aczFCav/3nxoNxcCyvWO,f,2022-11-04 16:23:56.083-03,2022-11-04 16:23:56.083-03
107,35771770,ggg,ggg@mail.com,  AURELIA,  OCAÃ‘A EGEA,41,  Pasaje RamÃ³n y Cajal 43,  Oliana,1157,58375233,$2b$10$KSbuDXYsmKFKUOTfidF8E.zh9fk4mo10.MPyT8goSo1rY8OyXKrGO,$2b$10$KSbuDXYsmKFKUOTfidF8E.,f,2022-11-04 16:24:02.703-03,2022-11-04 16:24:02.703-03
108,48105855,hhh,hhh@mail.com,  RACHID,  VICENTE PARRA,40,  Cuesta Santa Ana 42,  Javier,9282,59678834,$2b$10$YxPYcBVCWNdH80up/xcpVOpVv7uOJpU45zlLqYPc5HWSoYJAUqs72,$2b$10$YxPYcBVCWNdH80up/xcpVO,f,2022-11-04 16:24:14.425-03,2022-11-04 16:24:14.425-03
109,38336989,iii,iii@mail.com,  ANA BELEN,  PRIETO ORTEGA,26,  Avenida Nueva 61,  Castromonte,8114,71626758,$2b$10$zlJoPy79c9TZeddxsmtXoeN1icSGnaYJ23d0TtVQ6jIbUKU3BtFfa,$2b$10$zlJoPy79c9TZeddxsmtXoe,f,2022-11-04 16:24:19.747-03,2022-11-04 16:24:19.747-03
110,26661823,jjj,jjj@mail.com,  GONZALO,  PIZARRO VAZQUEZ,35,  Corredera Rafael Murillo 1,  Joyosa La,9470,67199134,$2b$10$nXDYttEY4QIjydwQ9nkKb.cFK/tGUjk1OUE4UBkNCz9hTMZNqO2e2,$2b$10$nXDYttEY4QIjydwQ9nkKb.,f,2022-11-04 16:24:25.881-03,2022-11-04 16:24:25.881-03
